isic_id,attribution,copyright_license,age_approx,anatom_site_general,benign_malignant,dermoscopic_type,diagnosis,diagnosis_confirm_type,family_hx_mm,image_type,lesion_id,patient_id,personal_hx_mm,sex
ISIC_4525930,Hospital Italiano de Buenos Aires,CC-BY,60,head/neck,benign,,seborrheic keratosis,,,clinical: overview,IL_3928264,IP_0778689,,female
ISIC_4786444,Hospital Italiano de Buenos Aires,CC-BY,70,anterior torso,benign,contact polarized,seborrheic keratosis,,False,dermoscopic,IL_6342673,IP_0031063,True,female
ISIC_7546980,Hospital Italiano de Buenos Aires,CC-BY,70,anterior torso,benign,,seborrheic keratosis,,False,clinical: overview,IL_6342673,IP_0031063,True,female
ISIC_8539737,Hospital Italiano de Buenos Aires,CC-BY,75,anterior torso,benign,,seborrheic keratosis,histopathology,False,clinical: overview,IL_2147560,IP_7559190,True,male
